date,open,high,low,close,adj_close,volume
2020-01-02,13.989999771118164,14.1899995803833,13.770000457763672,14.1850004196167,14.1850004196167,1144700.0
2020-01-03,14.0,14.515000343322754,13.770000457763672,14.369999885559082,14.369999885559082,1080500.0
2020-01-06,14.239999771118164,14.420000076293945,13.65999984741211,14.380000114440918,14.380000114440918,1456900.0
2020-01-07,14.369999885559082,14.710000038146973,14.270000457763672,14.699999809265137,14.699999809265137,966000.0
2020-01-08,14.670000076293945,14.779999732971191,14.460000038146973,14.640000343322754,14.640000343322754,1889800.0
2020-01-09,14.710000038146973,15.1899995803833,14.579999923706055,15.0,15.0,1530100.0
2020-01-10,15.149999618530273,15.178999900817871,14.800000190734863,14.90999984741211,14.90999984741211,1007700.0
2020-01-13,14.899999618530273,15.270000457763672,14.760000228881836,15.239999771118164,15.239999771118164,1512000.0
2020-01-14,15.100000381469727,15.550000190734863,15.059000015258789,15.270000457763672,15.270000457763672,1748100.0
2020-01-15,15.1899995803833,15.317000389099121,15.050000190734863,15.1899995803833,15.1899995803833,1167500.0
2020-01-16,15.710000038146973,16.625,15.649999618530273,16.600000381469727,16.600000381469727,3161300.0
2020-01-17,16.829999923706055,17.469999313354492,16.760000228881836,17.18000030517578,17.18000030517578,3455500.0
2020-01-21,17.209999084472656,17.520000457763672,16.829999923706055,17.3700008392334,17.3700008392334,2041100.0
2020-01-22,17.510000228881836,17.540000915527344,16.760000228881836,16.850000381469727,16.850000381469727,1640200.0
2020-01-23,16.670000076293945,17.06999969482422,16.385000228881836,16.954999923706055,16.954999923706055,1259200.0
2020-01-24,17.06999969482422,17.06999969482422,16.610000610351562,16.790000915527344,16.790000915527344,1285000.0
2020-01-27,16.399999618530273,16.639999389648438,16.200000762939453,16.329999923706055,16.329999923706055,1033800.0
2020-01-28,16.479999542236328,16.979999542236328,16.30500030517578,16.959999084472656,16.959999084472656,942300.0
2020-01-29,17.079999923706055,17.100000381469727,16.809999465942383,16.950000762939453,16.950000762939453,878100.0
2020-01-30,17.899999618530273,17.93000030517578,17.329999923706055,17.479999542236328,17.479999542236328,7953100.0
2020-01-31,17.239999771118164,17.459999084472656,16.8799991607666,17.030000686645508,17.030000686645508,3539800.0
2020-02-03,17.059999465942383,17.690000534057617,16.950000762939453,17.540000915527344,17.540000915527344,18257600.0
2020-02-04,17.860000610351562,18.31999969482422,17.68000030517578,18.25,18.25,3024100.0
2020-02-05,18.5,19.030000686645508,18.360000610351562,18.989999771118164,18.989999771118164,3191000.0
2020-02-06,19.110000610351562,19.434999465942383,18.850000381469727,19.1299991607666,19.1299991607666,2274300.0
2020-02-07,19.0,19.110000610351562,18.81999969482422,18.950000762939453,18.950000762939453,1206100.0
2020-02-10,18.889999389648438,20.0,18.889999389648438,19.959999084472656,19.959999084472656,2357100.0
2020-02-11,20.0,20.6200008392334,19.719999313354492,20.1299991607666,20.1299991607666,3072700.0
2020-02-12,20.40999984741211,21.5,20.25,21.299999237060547,21.299999237060547,3770200.0
2020-02-13,20.989999771118164,21.5,20.729999542236328,21.299999237060547,21.299999237060547,2442100.0
2020-02-14,21.209999084472656,21.565000534057617,20.90999984741211,21.420000076293945,21.420000076293945,2084200.0
2020-02-18,21.360000610351562,22.3799991607666,21.34000015258789,21.770000457763672,21.770000457763672,4906900.0
2020-02-19,21.420000076293945,22.709999084472656,21.059999465942383,22.479999542236328,22.479999542236328,4271500.0
2020-02-20,23.0,23.65999984741211,22.631000518798828,23.399999618530273,23.399999618530273,4191800.0
2020-02-21,22.25,22.6200008392334,21.510000228881836,21.950000762939453,21.950000762939453,4803300.0
2020-02-24,20.75,22.31999969482422,19.25,22.1299991607666,22.1299991607666,3116100.0
2020-02-25,22.760000228881836,22.8700008392334,20.709999084472656,20.799999237060547,20.799999237060547,3447900.0
2020-02-26,21.09000015258789,21.6200008392334,20.274999618530273,20.90999984741211,20.90999984741211,3162400.0
2020-02-27,20.170000076293945,21.059999465942383,19.149999618530273,20.270000457763672,20.270000457763672,3946500.0
2020-02-28,17.239999771118164,19.540000915527344,16.25,19.34000015258789,19.34000015258789,4840200.0
2020-03-02,19.459999084472656,19.559999465942383,18.34000015258789,19.360000610351562,19.360000610351562,3354200.0
2020-03-03,19.649999618530273,20.510000228881836,19.209999084472656,19.514999389648438,19.514999389648438,2919900.0
2020-03-04,19.93000030517578,20.889999389648438,19.809999465942383,20.799999237060547,20.799999237060547,1862100.0
2020-03-05,20.31999969482422,21.6299991607666,20.107999801635742,21.299999237060547,21.299999237060547,2724000.0
2020-03-06,20.68000030517578,21.030000686645508,19.690000534057617,20.219999313354492,20.219999313354492,2200900.0
2020-03-09,17.75,18.6200008392334,16.3799991607666,16.790000915527344,16.790000915527344,3431200.0
2020-03-10,17.809999465942383,17.809999465942383,15.949999809265137,16.719999313354492,16.719999313354492,3061100.0
2020-03-11,16.1299991607666,16.309999465942383,14.210000038146973,15.050000190734863,15.050000190734863,4237900.0
2020-03-12,13.710000038146973,13.75,11.614999771118164,11.680000305175781,11.680000305175781,5513000.0
2020-03-13,12.9399995803833,13.380000114440918,10.25,11.199999809265137,11.199999809265137,4773100.0
2020-03-16,9.84000015258789,10.720000267028809,8.354999542236328,9.489999771118164,9.489999771118164,5122800.0
2020-03-17,9.869999885559082,10.029999732971191,7.835000038146973,9.920000076293945,9.920000076293945,5752500.0
2020-03-18,9.029999732971191,9.319999694824219,8.03499984741211,8.899999618530273,8.899999618530273,4295800.0
2020-03-19,8.800000190734863,9.5600004196167,8.5,9.109999656677246,9.109999656677246,3778100.0
2020-03-20,9.34000015258789,10.024999618530273,8.220000267028809,8.359999656677246,8.359999656677246,3934500.0
2020-03-23,8.430000305175781,9.25,7.835000038146973,9.020000457763672,9.020000457763672,3184800.0
2020-03-24,9.770000457763672,11.369999885559082,9.630000114440918,11.15999984741211,11.15999984741211,3398900.0
2020-03-25,11.899999618530273,13.569999694824219,10.800000190734863,12.15999984741211,12.15999984741211,4866500.0
2020-03-26,12.270000457763672,12.9399995803833,11.779999732971191,12.380000114440918,12.380000114440918,2514200.0
2020-03-27,11.720000267028809,11.789999961853027,10.119999885559082,10.220000267028809,10.220000267028809,2454800.0
2020-03-30,10.319999694824219,10.484000205993652,9.539999961853027,9.8100004196167,9.8100004196167,2054500.0
2020-03-31,9.8100004196167,10.54800033569336,9.510000228881836,10.100000381469727,10.100000381469727,2158300.0
2020-04-01,9.550000190734863,9.6899995803833,9.0,9.319999694824219,9.319999694824219,2179300.0
2020-04-02,9.399999618530273,10.050000190734863,8.930000305175781,9.800000190734863,9.800000190734863,2062600.0
2020-04-03,9.6899995803833,9.930000305175781,8.75,8.850000381469727,8.850000381469727,2264600.0
2020-04-06,9.470000267028809,10.069999694824219,9.390000343322754,9.979999542236328,9.979999542236328,2226700.0
2020-04-07,11.399999618530273,11.789999961853027,10.5,10.569999694824219,10.569999694824219,3078600.0
2020-04-08,10.829999923706055,11.579999923706055,10.529999732971191,11.470000267028809,11.470000267028809,2260800.0
2020-04-09,12.0,12.640000343322754,11.270000457763672,11.729999542236328,11.729999542236328,2662500.0
2020-04-13,11.619999885559082,11.819000244140625,11.0,11.100000381469727,11.100000381469727,1693000.0
2020-04-14,11.430000305175781,12.130000114440918,11.380000114440918,12.0649995803833,12.0649995803833,2213200.0
2020-04-15,11.489999771118164,11.869999885559082,11.079999923706055,11.460000038146973,11.460000038146973,2578300.0
2020-04-16,11.399999618530273,11.649999618530273,10.835000038146973,11.109999656677246,11.109999656677246,2436300.0
2020-04-17,11.720000267028809,11.920000076293945,11.34000015258789,11.869999885559082,11.869999885559082,1908200.0
2020-04-20,11.520000457763672,12.989999771118164,11.420000076293945,12.350000381469727,12.350000381469727,3303700.0
2020-04-21,11.90999984741211,12.3100004196167,11.760000228881836,12.010000228881836,12.010000228881836,2096400.0
2020-04-22,12.4399995803833,12.805000305175781,12.164999961853027,12.640000343322754,12.640000343322754,1694600.0
2020-04-23,12.75,13.5,12.75,13.109999656677246,13.109999656677246,2490000.0
2020-04-24,13.199999809265137,13.4399995803833,12.670000076293945,12.9399995803833,12.9399995803833,1677300.0
2020-04-27,13.130000114440918,13.630000114440918,13.100000381469727,13.520000457763672,13.520000457763672,1527700.0
2020-04-28,14.0,14.239999771118164,13.109999656677246,13.6899995803833,13.6899995803833,1869400.0
2020-04-29,14.149999618530273,14.869999885559082,14.029999732971191,14.800000190734863,14.800000190734863,2100800.0
2020-04-30,14.399999618530273,14.760000228881836,14.024999618530273,14.029999732971191,14.029999732971191,2196500.0
2020-05-01,13.390000343322754,13.710000038146973,12.600000381469727,12.960000038146973,12.960000038146973,2120100.0
2020-05-04,12.609999656677246,13.539999961853027,12.430000305175781,13.425000190734863,13.425000190734863,1667200.0
2020-05-05,13.819999694824219,13.989999771118164,12.930999755859375,13.25,13.25,2197000.0
2020-05-06,13.420000076293945,14.0,13.119999885559082,13.869999885559082,13.869999885559082,2256000.0
2020-05-07,13.970000267028809,14.289999961853027,13.479999542236328,13.8100004196167,13.8100004196167,2540100.0
2020-05-08,14.430000305175781,15.350000381469727,14.3100004196167,14.770000457763672,14.770000457763672,3355600.0
2020-05-11,14.569999694824219,15.0649995803833,14.347999572753906,14.5600004196167,14.5600004196167,2184200.0
2020-05-12,14.619999885559082,14.795000076293945,13.949999809265137,13.970000267028809,13.970000267028809,1407000.0
2020-05-13,13.789999961853027,14.0,13.005000114440918,13.539999961853027,13.539999961853027,2047900.0
2020-05-14,13.149999618530273,13.970000267028809,12.649999618530273,13.96500015258789,13.96500015258789,2879500.0
2020-05-15,13.890000343322754,14.210000038146973,13.59000015258789,14.069999694824219,14.069999694824219,1506900.0
2020-05-18,14.739999771118164,15.289999961853027,14.630000114440918,15.140000343322754,15.140000343322754,1782200.0
2020-05-19,15.0,15.970000267028809,14.989999771118164,15.510000228881836,15.510000228881836,2162500.0
2020-05-20,15.84000015258789,16.479999542236328,15.720000267028809,15.90999984741211,15.90999984741211,2096900.0
2020-05-21,15.90999984741211,16.264999389648438,15.59000015258789,16.06999969482422,16.06999969482422,1605100.0
2020-05-22,16.18000030517578,16.235000610351562,15.755000114440918,15.859999656677246,15.859999656677246,826200.0
2020-05-26,16.5,16.809999465942383,16.190000534057617,16.329999923706055,16.329999923706055,1300500.0
2020-05-27,16.770000457763672,16.924999237060547,15.359999656677246,16.850000381469727,16.850000381469727,2280300.0
2020-05-28,17.0,17.135000228881836,16.31999969482422,16.43000030517578,16.43000030517578,1729700.0
2020-05-29,16.190000534057617,16.799999237060547,15.989999771118164,16.700000762939453,16.700000762939453,1249500.0
2020-06-01,16.600000381469727,17.905000686645508,16.420000076293945,17.670000076293945,17.670000076293945,1887200.0
2020-06-02,17.959999084472656,18.1200008392334,17.639999389648438,17.940000534057617,17.940000534057617,1605800.0
2020-06-03,18.239999771118164,18.8799991607666,17.98200035095215,18.600000381469727,18.600000381469727,1289500.0
2020-06-04,18.6299991607666,18.84000015258789,18.030000686645508,18.28499984741211,18.28499984741211,1644700.0
2020-06-05,18.780000686645508,19.3799991607666,18.549999237060547,18.690000534057617,18.690000534057617,1522200.0
2020-06-08,19.0,19.71500015258789,18.729999542236328,19.639999389648438,19.639999389648438,1440200.0
2020-06-09,19.139999389648438,19.604999542236328,18.674999237060547,19.329999923706055,19.329999923706055,1279400.0
2020-06-10,19.110000610351562,19.219999313354492,18.540000915527344,18.6200008392334,18.6200008392334,1024500.0
2020-06-11,16.899999618530273,17.709999084472656,16.5,17.165000915527344,17.165000915527344,1659100.0
2020-06-12,17.93000030517578,18.260000228881836,17.299999237060547,17.93000030517578,17.93000030517578,1071200.0
2020-06-15,17.549999237060547,19.1200008392334,17.389999389648438,18.989999771118164,18.989999771118164,1745800.0
2020-06-16,19.75,20.3799991607666,19.44499969482422,20.100000381469727,20.100000381469727,1985400.0
2020-06-17,20.15999984741211,20.15999984741211,19.18000030517578,19.290000915527344,19.290000915527344,1501400.0
2020-06-18,18.68000030517578,20.295000076293945,18.670000076293945,19.799999237060547,19.799999237060547,1501000.0
2020-06-19,19.969999313354492,20.665000915527344,19.764999389648438,19.895000457763672,19.895000457763672,2707100.0
2020-06-22,19.940000534057617,20.09000015258789,19.690000534057617,19.969999313354492,19.969999313354492,1151800.0
2020-06-23,20.270000457763672,20.3799991607666,19.700000762939453,19.739999771118164,19.739999771118164,1089700.0
2020-06-24,19.5,19.899999618530273,18.950000762939453,19.719999313354492,19.719999313354492,1466600.0
2020-06-25,19.527999877929688,20.049999237060547,19.389999389648438,19.8799991607666,19.8799991607666,1177000.0
2020-06-26,19.780000686645508,19.799999237060547,18.42799949645996,18.579999923706055,18.579999923706055,2316000.0
2020-06-29,18.829999923706055,19.600000381469727,18.46500015258789,19.520000457763672,19.520000457763672,1197200.0
2020-06-30,19.40999984741211,19.84000015258789,19.190000534057617,19.719999313354492,19.719999313354492,1416300.0
2020-07-01,19.719999313354492,20.118000030517578,19.530000686645508,19.84000015258789,19.84000015258789,1148300.0
2020-07-02,20.0,20.559999465942383,19.889999389648438,20.0,20.0,1720600.0
2020-07-06,20.610000610351562,21.69499969482422,20.530000686645508,21.34000015258789,21.34000015258789,1916900.0
2020-07-07,23.950000762939453,27.59000015258789,23.459999084472656,26.170000076293945,26.170000076293945,19802800.0
2020-07-08,26.760000228881836,28.400999069213867,26.209999084472656,28.270000457763672,28.270000457763672,9887400.0
2020-07-09,28.09000015258789,28.219999313354492,26.3799991607666,27.829999923706055,27.829999923706055,6301600.0
2020-07-10,27.280000686645508,28.90999984741211,27.149999618530273,28.885000228881836,28.885000228881836,3419900.0
2020-07-13,29.229999542236328,33.27000045776367,29.229999542236328,30.09000015258789,30.09000015258789,11160800.0
2020-07-14,29.200000762939453,34.310001373291016,28.290000915527344,33.779998779296875,33.779998779296875,9602400.0
2020-07-15,34.70000076293945,36.220001220703125,34.18000030517578,35.814998626708984,35.814998626708984,8054900.0
2020-07-16,35.68000030517578,37.459999084472656,34.880001068115234,36.650001525878906,36.650001525878906,7122700.0
2020-07-17,36.79999923706055,37.09000015258789,34.88999938964844,36.810001373291016,36.810001373291016,5934100.0
2020-07-20,36.650001525878906,39.83000183105469,36.47999954223633,38.400001525878906,38.400001525878906,6143000.0
2020-07-21,38.91999816894531,39.81999969482422,37.900001525878906,38.97999954223633,38.97999954223633,4759300.0
2020-07-22,39.43000030517578,41.150001525878906,38.650001525878906,40.349998474121094,40.349998474121094,5334700.0
2020-07-23,40.737998962402344,42.79999923706055,40.2400016784668,42.459999084472656,42.459999084472656,6324500.0
2020-07-24,42.0,42.0,38.7400016784668,40.9900016784668,40.9900016784668,5182800.0
2020-07-27,41.439998626708984,43.18000030517578,41.16999816894531,42.5,42.5,4049900.0
2020-07-28,41.9900016784668,41.9900016784668,39.5099983215332,40.459999084472656,40.459999084472656,4317100.0
2020-07-29,39.060001373291016,39.20000076293945,35.939998626708984,36.60499954223633,36.60499954223633,9539600.0
2020-07-30,37.5099983215332,38.189998626708984,36.29999923706055,36.66999816894531,36.66999816894531,4446300.0
2020-07-31,36.540000915527344,37.40999984741211,35.790000915527344,36.689998626708984,36.689998626708984,20110100.0
2020-08-03,37.18000030517578,40.099998474121094,36.18000030517578,39.779998779296875,39.779998779296875,4222700.0
2020-08-04,40.099998474121094,43.54999923706055,39.290000915527344,43.540000915527344,43.540000915527344,5330300.0
2020-08-05,43.0,46.68000030517578,41.15999984741211,46.400001525878906,46.400001525878906,6911800.0
2020-08-06,46.400001525878906,48.29999923706055,45.119998931884766,46.529998779296875,46.529998779296875,4580100.0
2020-08-07,46.27000045776367,48.16999816894531,44.41999816894531,46.0,46.0,3674400.0
2020-08-10,45.38999938964844,48.060001373291016,45.310001373291016,47.279998779296875,47.279998779296875,4000300.0
2020-08-11,47.75,47.849998474121094,41.92499923706055,42.369998931884766,42.369998931884766,5289400.0
2020-08-12,43.040000915527344,45.790000915527344,42.55500030517578,44.939998626708984,44.939998626708984,3703000.0
2020-08-13,45.16999816894531,47.36000061035156,44.630001068115234,46.72999954223633,46.72999954223633,3074200.0
2020-08-14,46.349998474121094,47.849998474121094,44.939998626708984,45.630001068115234,45.630001068115234,2502500.0
2020-08-17,46.189998626708984,49.41999816894531,46.18000030517578,47.72999954223633,47.72999954223633,3106700.0
2020-08-18,47.84000015258789,48.125,44.650001525878906,46.310001373291016,46.310001373291016,3594500.0
2020-08-19,46.47999954223633,49.099998474121094,46.349998474121094,48.13999938964844,48.13999938964844,5098200.0
2020-08-20,47.20000076293945,47.810001373291016,45.86000061035156,45.994998931884766,45.994998931884766,2536400.0
2020-08-21,46.27000045776367,48.4900016784668,46.02000045776367,48.22999954223633,48.22999954223633,3006600.0
2020-08-24,48.79999923706055,51.20000076293945,48.176998138427734,51.0,51.0,4435800.0
2020-08-25,51.349998474121094,51.869998931884766,49.72999954223633,50.790000915527344,50.790000915527344,3664900.0
2020-08-26,51.29999923706055,51.650001525878906,49.41999816894531,50.029998779296875,50.029998779296875,2815100.0
2020-08-27,50.40999984741211,52.779998779296875,50.40999984741211,52.099998474121094,52.099998474121094,3446300.0
2020-08-28,52.66999816894531,55.790000915527344,51.66999816894531,55.5099983215332,55.5099983215332,3894900.0
2020-08-31,55.40999984741211,56.970001220703125,54.81999969482422,56.55500030517578,56.55500030517578,4038000.0
2020-09-01,56.29999923706055,58.470001220703125,55.130001068115234,58.27000045776367,58.27000045776367,3500300.0
2020-09-02,58.91999816894531,59.0,54.68000030517578,57.07500076293945,57.07500076293945,3547300.0
2020-09-03,55.9900016784668,56.130001068115234,50.040000915527344,51.150001525878906,51.150001525878906,4772900.0
2020-09-04,51.939998626708984,52.47999954223633,42.61000061035156,49.224998474121094,49.224998474121094,7285200.0
2020-09-08,46.43000030517578,53.70000076293945,46.43000030517578,51.88999938964844,51.88999938964844,5589900.0
2020-09-09,52.75,55.77000045776367,52.349998474121094,55.2400016784668,55.2400016784668,4055900.0
2020-09-10,55.27000045776367,57.56999969482422,54.619998931884766,56.189998626708984,56.189998626708984,3784900.0
2020-09-11,56.40999984741211,56.900001525878906,54.54999923706055,55.880001068115234,55.880001068115234,2418700.0
2020-09-14,56.33000183105469,59.599998474121094,55.689998626708984,59.099998474121094,59.099998474121094,3475800.0
2020-09-15,59.02000045776367,61.349998474121094,58.18000030517578,61.0099983215332,61.0099983215332,3475100.0
2020-09-16,61.900001525878906,63.91999816894531,61.54999923706055,62.33000183105469,62.33000183105469,3506300.0
2020-09-17,60.0,60.68000030517578,58.15999984741211,59.52000045776367,59.52000045776367,3251600.0
2020-09-18,60.20000076293945,63.25,59.650001525878906,60.86000061035156,60.86000061035156,13029700.0
2020-09-21,58.650001525878906,60.2599983215332,56.43000030517578,60.20000076293945,60.20000076293945,3597300.0
2020-09-22,60.5,62.83000183105469,59.6609992980957,62.79999923706055,62.79999923706055,2485600.0
2020-09-23,63.150001525878906,65.52999877929688,61.709999084472656,61.720001220703125,61.720001220703125,4107900.0
2020-09-24,60.16999816894531,62.0099983215332,56.0099983215332,60.630001068115234,60.630001068115234,5256500.0
2020-09-25,60.650001525878906,66.56999969482422,60.209999084472656,66.45999908447266,66.45999908447266,5747900.0
2020-09-28,67.88999938964844,72.19999694824219,66.77999877929688,71.9800033569336,71.9800033569336,5693800.0
2020-09-29,72.88999938964844,75.2699966430664,71.36000061035156,72.80000305175781,72.80000305175781,6070800.0
2020-09-30,71.55000305175781,78.22000122070312,70.52999877929688,77.06999969482422,77.06999969482422,8334700.0
2020-10-01,79.41500091552734,82.41999816894531,77.7699966430664,79.97000122070312,79.97000122070312,14945600.0
2020-10-02,77.51000213623047,80.33999633789062,75.83999633789062,76.44999694824219,76.44999694824219,8863000.0
2020-10-05,78.0,79.86000061035156,76.16999816894531,78.62000274658203,78.62000274658203,6978000.0
2020-10-06,77.84500122070312,80.19999694824219,74.86000061035156,78.56999969482422,78.56999969482422,7922300.0
2020-10-07,80.29000091552734,82.37000274658203,77.5,78.05000305175781,78.05000305175781,13950400.0
2020-10-08,77.18000030517578,77.4000015258789,68.80000305175781,70.54000091552734,70.54000091552734,9980400.0
2020-10-09,71.3499984741211,74.48999786376953,70.20999908447266,71.43000030517578,71.43000030517578,9187000.0
2020-10-12,72.0999984741211,72.18399810791016,63.33000183105469,63.790000915527344,63.790000915527344,11066300.0
2020-10-13,63.15999984741211,68.11000061035156,63.150001525878906,65.3499984741211,65.3499984741211,12520300.0
2020-10-14,64.55000305175781,64.68000030517578,62.65999984741211,63.27000045776367,63.27000045776367,8803500.0
2020-10-15,61.939998626708984,64.8219985961914,60.525001525878906,64.20999908447266,64.20999908447266,6763300.0
2020-10-16,66.0999984741211,67.37999725341797,61.75,62.38999938964844,62.38999938964844,10771000.0
2020-10-19,63.349998474121094,64.68000030517578,61.310001373291016,62.380001068115234,62.380001068115234,5419700.0
2020-10-20,62.52000045776367,64.47000122070312,61.84000015258789,62.58000183105469,62.58000183105469,4443500.0
2020-10-21,60.869998931884766,61.0,56.72999954223633,56.81999969482422,56.81999969482422,12488400.0
2020-10-22,57.0099983215332,58.2599983215332,54.44900131225586,57.470001220703125,57.470001220703125,7743000.0
2020-10-23,58.18000030517578,59.060001373291016,55.65999984741211,56.029998779296875,56.029998779296875,4312600.0
2020-10-26,55.279998779296875,57.4900016784668,54.70000076293945,56.29999923706055,56.29999923706055,5781800.0
2020-10-27,55.68000030517578,57.11000061035156,54.439998626708984,54.65999984741211,54.65999984741211,4441100.0
2020-10-28,54.0,56.4900016784668,53.14899826049805,55.84000015258789,55.84000015258789,4513300.0
2020-10-29,56.0,56.97200012207031,53.869998931884766,54.2599983215332,54.2599983215332,2636800.0
2020-10-30,53.84000015258789,54.66999816894531,50.2599983215332,52.02000045776367,52.02000045776367,6292300.0
2020-11-02,52.95000076293945,54.459999084472656,51.75,54.18000030517578,54.18000030517578,3780500.0
2020-11-03,54.849998474121094,56.599998474121094,53.93000030517578,54.0,54.0,4836600.0
2020-11-04,51.150001525878906,54.61000061035156,49.20899963378906,54.0,54.0,8124300.0
2020-11-05,57.380001068115234,60.060001373291016,57.02000045776367,58.0,58.0,9199700.0
2020-11-06,60.37300109863281,61.20000076293945,57.20000076293945,57.72999954223633,57.72999954223633,8466300.0
2020-11-09,61.20000076293945,61.2400016784668,55.2400016784668,55.4900016784668,55.4900016784668,6301500.0
2020-11-10,55.72999954223633,55.97999954223633,52.2599983215332,53.59000015258789,53.59000015258789,4757800.0
2020-11-11,54.54600143432617,58.29999923706055,53.83000183105469,54.0,54.0,5098000.0
2020-11-12,57.79999923706055,57.79999923706055,52.36000061035156,53.380001068115234,53.380001068115234,11429100.0
2020-11-13,54.040000915527344,56.68000030517578,53.90999984741211,55.400001525878906,55.400001525878906,4999200.0
2020-11-16,55.119998931884766,56.369998931884766,54.25,55.529998779296875,55.529998779296875,3333700.0
2020-11-17,55.56999969482422,59.099998474121094,54.75,58.4900016784668,58.4900016784668,5408500.0
2020-11-18,58.31999969482422,59.88999938964844,56.310001373291016,56.72999954223633,56.72999954223633,5080700.0
2020-11-19,57.36000061035156,59.790000915527344,56.5099983215332,59.5,59.5,4961500.0
2020-11-20,60.689998626708984,62.869998931884766,58.5,61.439998626708984,61.439998626708984,5843000.0
2020-11-23,62.75,64.73999786376953,60.54999923706055,63.790000915527344,63.790000915527344,6183400.0
2020-11-24,64.5,66.94999694824219,63.310001373291016,66.33999633789062,66.33999633789062,6474800.0
2020-11-25,65.5,68.1719970703125,64.9000015258789,67.97000122070312,67.97000122070312,4833400.0
2020-11-27,68.68000030517578,69.44000244140625,66.31999969482422,66.75,66.75,3197300.0
2020-11-30,67.80999755859375,68.5,62.459999084472656,64.08000183105469,64.08000183105469,6648700.0
2020-12-01,64.71800231933594,65.05000305175781,62.029998779296875,62.4900016784668,62.4900016784668,3614600.0
2020-12-02,60.79999923706055,62.119998931884766,58.720001220703125,60.9900016784668,60.9900016784668,3120100.0
2020-12-03,61.54999923706055,62.0,57.81999969482422,58.2400016784668,58.2400016784668,4051300.0
2020-12-04,58.40999984741211,59.59000015258789,56.66999816894531,57.709999084472656,57.709999084472656,3771500.0
2020-12-07,57.709999084472656,59.970001220703125,57.65700149536133,58.630001068115234,58.630001068115234,2990900.0
2020-12-08,59.0,61.66999816894531,58.29999923706055,61.310001373291016,61.310001373291016,3004900.0
2020-12-09,61.900001525878906,62.2599983215332,56.060001373291016,57.119998931884766,57.119998931884766,4674400.0
2020-12-10,56.70000076293945,58.59000015258789,56.500999450683594,57.58000183105469,57.58000183105469,2777700.0
2020-12-11,57.58000183105469,60.0,57.29999923706055,58.279998779296875,58.279998779296875,4355400.0
2020-12-14,59.20000076293945,60.61000061035156,57.09000015258789,57.099998474121094,57.099998474121094,3589400.0
2020-12-15,57.88999938964844,63.90999984741211,57.650001525878906,63.16999816894531,63.16999816894531,6171000.0
2020-12-16,62.97999954223633,62.9900016784668,58.75,61.79999923706055,61.79999923706055,7950300.0
2020-12-17,62.61000061035156,63.47999954223633,59.61000061035156,62.310001373291016,62.310001373291016,4747900.0
2020-12-18,62.29999923706055,67.08999633789062,61.77000045776367,62.70000076293945,62.70000076293945,13366200.0
2020-12-21,61.599998474121094,66.23999786376953,61.111000061035156,66.18000030517578,66.18000030517578,6851500.0
2020-12-22,67.81999969482422,71.36000061035156,65.05000305175781,69.2699966430664,69.2699966430664,9107400.0
2020-12-23,70.03199768066406,71.30000305175781,68.66999816894531,69.87000274658203,69.87000274658203,4606200.0
2020-12-24,69.62200164794922,70.58000183105469,66.69000244140625,68.62000274658203,68.62000274658203,2058800.0
2020-12-28,71.0,74.13999938964844,67.66000366210938,67.87999725341797,67.87999725341797,4828900.0
2020-12-29,67.91999816894531,67.9800033569336,63.52000045776367,63.77000045776367,63.77000045776367,4440000.0
2020-12-30,64.19000244140625,67.5,64.06999969482422,67.4000015258789,67.4000015258789,3268400.0
2020-12-31,67.44200134277344,69.93000030517578,66.1760025024414,69.37999725341797,69.37999725341797,3635100.0
2021-01-04,70.68000030517578,71.94999694824219,68.29000091552734,69.9800033569336,69.9800033569336,3708600.0
2021-01-05,69.7300033569336,73.58999633789062,69.6500015258789,73.08999633789062,73.08999633789062,3738200.0
2021-01-06,77.66999816894531,86.0,77.58999633789062,85.16999816894531,85.16999816894531,13520300.0
2021-01-07,89.22000122070312,93.87999725341797,89.04000091552734,90.91999816894531,90.91999816894531,9412200.0
2021-01-08,92.72000122070312,96.7249984741211,90.52999877929688,96.5,96.5,7496600.0
2021-01-11,91.55000305175781,98.52999877929688,89.55000305175781,95.62000274658203,95.62000274658203,6230400.0
2021-01-12,98.0,100.93000030517578,90.83999633789062,93.44000244140625,93.44000244140625,5306500.0
2021-01-13,93.56999969482422,94.0,89.62000274658203,90.62999725341797,90.62999725341797,3835700.0
2021-01-14,90.44999694824219,92.8499984741211,88.4000015258789,88.91999816894531,88.91999816894531,5306700.0
2021-01-15,87.13999938964844,89.29000091552734,83.5999984741211,84.25,84.25,7043300.0
2021-01-19,87.0,87.80000305175781,84.25,85.62000274658203,85.62000274658203,4903200.0
2021-01-20,84.56999969482422,85.41999816894531,80.87999725341797,81.9000015258789,81.9000015258789,7067200.0
2021-01-21,83.37999725341797,89.51000213623047,79.41000366210938,87.41000366210938,87.41000366210938,9166600.0
2021-01-22,85.01000213623047,87.11000061035156,83.12999725341797,86.38999938964844,86.38999938964844,4499100.0
2021-01-25,85.00499725341797,87.55999755859375,77.80999755859375,78.61000061035156,78.61000061035156,7103000.0
2021-01-26,80.0999984741211,81.7300033569336,75.36000061035156,75.70999908447266,75.70999908447266,5607100.0
2021-01-27,73.25,73.80000305175781,69.08000183105469,69.81999969482422,69.81999969482422,6900700.0
2021-01-28,72.08999633789062,72.93000030517578,69.5,71.83999633789062,71.83999633789062,6732000.0
2021-01-29,72.5,74.41000366210938,68.16000366210938,69.2699966430664,69.2699966430664,4306100.0
2021-02-01,70.5199966430664,71.74800109863281,68.19999694824219,69.87999725341797,69.87999725341797,4459000.0
2021-02-02,71.625,73.25,70.22000122070312,71.22000122070312,71.22000122070312,4588800.0
2021-02-03,72.5,75.83999633789062,70.76000213623047,74.12000274658203,74.12000274658203,6470800.0
2021-02-04,75.33000183105469,78.66999816894531,73.2699966430664,73.9000015258789,73.9000015258789,6361700.0
2021-02-05,74.4000015258789,76.75,71.83000183105469,75.08000183105469,75.08000183105469,4231600.0
2021-02-08,75.91000366210938,78.52999877929688,74.41000366210938,75.4000015258789,75.4000015258789,5063000.0
2021-02-09,75.31999969482422,78.08999633789062,74.91500091552734,77.56999969482422,77.56999969482422,3034000.0
2021-02-10,77.80000305175781,79.73999786376953,75.30000305175781,78.08000183105469,78.08000183105469,4403900.0
2021-02-11,79.25,82.54000091552734,77.87000274658203,82.19999694824219,82.19999694824219,4963700.0
2021-02-12,81.5,83.8499984741211,80.66999816894531,83.68000030517578,83.68000030517578,3005300.0
2021-02-16,84.2699966430664,84.80999755859375,76.76000213623047,77.22000122070312,77.22000122070312,5520700.0
2021-02-17,76.50499725341797,77.2300033569336,71.27999877929688,74.19999694824219,74.19999694824219,5880200.0
2021-02-18,71.84500122070312,73.12000274658203,66.55000305175781,67.08999633789062,67.08999633789062,8814000.0
2021-02-19,69.36000061035156,72.18000030517578,68.01000213623047,68.5,68.5,6922400.0
2021-02-22,66.9000015258789,68.0,63.11000061035156,63.38999938964844,63.38999938964844,6012500.0
2021-02-23,59.83000183105469,64.41999816894531,56.34700012207031,60.33000183105469,60.33000183105469,9894300.0
2021-02-24,61.34000015258789,63.66999816894531,59.099998474121094,62.560001373291016,62.560001373291016,5002400.0
2021-02-25,63.41999816894531,64.19999694824219,57.77000045776367,57.97999954223633,57.97999954223633,5262600.0
2021-02-26,60.2400016784668,67.98999786376953,59.470001220703125,62.58000183105469,62.58000183105469,8007000.0
2021-03-01,65.22000122070312,67.77999877929688,64.58999633789062,67.1500015258789,67.1500015258789,5885000.0
2021-03-02,67.30999755859375,68.87999725341797,64.2300033569336,64.33999633789062,64.33999633789062,3578000.0
2021-03-03,64.0,64.16000366210938,55.650001525878906,56.619998931884766,56.619998931884766,6057400.0
2021-03-04,55.939998626708984,58.0,51.68000030517578,53.41999816894531,53.41999816894531,7357300.0
2021-03-05,54.47999954223633,54.47999954223633,46.880001068115234,52.470001220703125,52.470001220703125,8662800.0
2021-03-08,51.7400016784668,53.87300109863281,47.41999816894531,47.54999923706055,47.54999923706055,5529200.0
2021-03-09,51.31999969482422,53.959999084472656,50.15999984741211,53.68000030517578,53.68000030517578,7416600.0
2021-03-10,61.5,62.560001373291016,54.29999923706055,55.599998474121094,55.599998474121094,8936800.0
2021-03-11,58.02000045776367,63.52000045776367,58.0099983215332,63.459999084472656,63.459999084472656,6526000.0
2021-03-12,59.5,63.18000030517578,58.290000915527344,62.290000915527344,62.290000915527344,5103500.0
2021-03-15,61.810001373291016,63.970001220703125,61.13100051879883,62.119998931884766,62.119998931884766,3860400.0
2021-03-16,57.54999923706055,60.130001068115234,56.029998779296875,56.77000045776367,56.77000045776367,6520800.0
2021-03-17,54.95000076293945,58.16999816894531,53.29999923706055,57.0099983215332,57.0099983215332,4760600.0
2021-03-18,55.380001068115234,56.099998474121094,51.31999969482422,51.470001220703125,51.470001220703125,4506400.0
2021-03-19,51.5099983215332,56.0,50.349998474121094,55.58000183105469,55.58000183105469,9308900.0
2021-03-22,57.0,58.459999084472656,55.880001068115234,57.380001068115234,57.380001068115234,4138900.0
2021-03-23,59.970001220703125,61.470001220703125,55.369998931884766,56.150001525878906,56.150001525878906,7725600.0
2021-03-24,57.7599983215332,59.619998931884766,55.25,55.25,55.25,5720200.0
2021-03-25,52.849998474121094,54.400001525878906,50.159000396728516,53.0,53.0,6966900.0
2021-03-26,53.20000076293945,57.20000076293945,53.0099983215332,57.09000015258789,57.09000015258789,4932700.0
2021-03-29,55.81999969482422,56.43000030517578,51.00299835205078,51.90999984741211,51.90999984741211,6674500.0
2021-03-30,51.93000030517578,58.099998474121094,51.90999984741211,57.91999816894531,57.91999816894531,5080800.0
2021-03-31,60.0,62.290000915527344,58.619998931884766,60.47999954223633,60.47999954223633,6750600.0
2021-04-01,62.5,64.62000274658203,58.5099983215332,59.130001068115234,59.130001068115234,5376600.0
2021-04-05,59.97999954223633,60.189998626708984,54.709999084472656,55.15999984741211,55.15999984741211,5234500.0
2021-04-06,56.0099983215332,58.470001220703125,55.31999969482422,56.220001220703125,56.220001220703125,5124800.0
2021-04-07,57.619998931884766,58.119998931884766,53.70000076293945,54.209999084472656,54.209999084472656,4774100.0
2021-04-08,54.45000076293945,55.24100112915039,53.25,53.619998931884766,53.619998931884766,4164700.0
2021-04-09,52.970001220703125,53.33000183105469,51.31999969482422,51.599998474121094,51.599998474121094,3939600.0
2021-04-12,51.04999923706055,51.18000030517578,49.63999938964844,50.810001373291016,50.810001373291016,4294300.0
2021-04-13,50.900001525878906,51.34000015258789,49.439998626708984,51.25,51.25,4422800.0
2021-04-14,51.790000915527344,52.66999816894531,49.2400016784668,49.68000030517578,49.68000030517578,3713400.0
2021-04-15,50.599998474121094,50.75,46.20000076293945,47.20000076293945,47.20000076293945,8640500.0
2021-04-16,49.02000045776367,53.0,48.20000076293945,52.15999984741211,52.15999984741211,10346400.0
2021-04-19,51.380001068115234,52.54999923706055,47.619998931884766,48.540000915527344,48.540000915527344,6292000.0
2021-04-20,48.599998474121094,50.5,47.01499938964844,48.22999954223633,48.22999954223633,5026100.0
2021-04-21,47.0,52.5,46.099998474121094,52.220001220703125,52.220001220703125,6140200.0
2021-04-22,53.9900016784668,55.04999923706055,52.130001068115234,53.099998474121094,53.099998474121094,7390700.0
2021-04-23,53.439998626708984,56.220001220703125,52.810001373291016,55.689998626708984,55.689998626708984,5730100.0
2021-04-26,56.20000076293945,57.029998779296875,54.75,56.849998474121094,56.849998474121094,4267300.0
2021-04-27,57.005001068115234,57.849998474121094,55.810001373291016,56.11000061035156,56.11000061035156,4542500.0
2021-04-28,54.470001220703125,54.79999923706055,52.0099983215332,53.5,53.5,5373300.0
2021-04-29,53.810001373291016,54.31999969482422,50.209999084472656,51.86000061035156,51.86000061035156,4821100.0
2021-04-30,50.0,51.2400016784668,48.47999954223633,49.0,49.0,5116800.0
2021-05-03,49.52000045776367,49.66999816894531,47.33000183105469,47.54999923706055,47.54999923706055,3925800.0
2021-05-04,45.83000183105469,45.84000015258789,42.54999923706055,43.400001525878906,43.400001525878906,10016400.0
2021-05-05,44.400001525878906,44.400001525878906,40.96500015258789,41.84000015258789,41.84000015258789,8388000.0
2021-05-06,44.79999923706055,46.970001220703125,43.290000915527344,46.72999954223633,46.72999954223633,15073400.0
2021-05-07,46.755001068115234,49.91999816894531,45.130001068115234,45.63999938964844,45.63999938964844,9445700.0
2021-05-10,45.20000076293945,45.20000076293945,40.56999969482422,40.79999923706055,40.79999923706055,7971600.0
2021-05-11,37.86000061035156,43.810001373291016,37.41999816894531,42.939998626708984,42.939998626708984,9902900.0
2021-05-12,40.810001373291016,41.97999954223633,39.150001525878906,39.630001068115234,39.630001068115234,9449400.0
2021-05-13,40.18000030517578,41.36000061035156,38.11000061035156,39.45000076293945,39.45000076293945,6998600.0
2021-05-14,40.58000183105469,42.099998474121094,40.220001220703125,41.41999816894531,41.41999816894531,5396300.0
2021-05-17,40.439998626708984,41.016998291015625,38.70199966430664,40.0,40.0,5130400.0
2021-05-18,40.400001525878906,41.23899841308594,38.939998626708984,40.11000061035156,40.11000061035156,5485400.0
2021-05-19,38.25,42.11000061035156,38.099998474121094,41.88999938964844,41.88999938964844,6181600.0
2021-05-20,43.45000076293945,45.47999954223633,42.86000061035156,44.689998626708984,44.689998626708984,8771900.0
2021-05-21,45.0099983215332,46.5099983215332,43.72999954223633,45.970001220703125,45.970001220703125,5473300.0
2021-05-24,46.25299835205078,46.459999084472656,43.81999969482422,44.849998474121094,44.849998474121094,4824900.0
2021-05-25,44.79999923706055,45.25,43.65999984741211,43.959999084472656,43.959999084472656,4672600.0
2021-05-26,43.79999923706055,45.84000015258789,43.78499984741211,45.25,45.25,3979200.0
2021-05-27,45.6510009765625,46.40999984741211,44.54999923706055,45.31999969482422,45.31999969482422,6320000.0
2021-05-28,45.68000030517578,47.75,44.275001525878906,44.720001220703125,44.720001220703125,4870600.0
2021-06-01,44.529998779296875,45.599998474121094,42.54999923706055,44.029998779296875,44.029998779296875,5267600.0
2021-06-02,43.81999969482422,44.709999084472656,42.349998474121094,42.97999954223633,42.97999954223633,5841300.0
2021-06-03,42.5,43.4900016784668,41.11000061035156,41.29999923706055,41.29999923706055,5268500.0
2021-06-04,41.52000045776367,43.7400016784668,41.47999954223633,42.310001373291016,42.310001373291016,4566700.0
2021-06-07,42.2400016784668,43.83000183105469,41.04999923706055,43.5099983215332,43.5099983215332,4728800.0
2021-06-08,43.779998779296875,45.22999954223633,42.36000061035156,44.75,44.75,6560700.0
2021-06-09,44.91999816894531,46.189998626708984,43.18000030517578,43.290000915527344,43.290000915527344,4689700.0
2021-06-10,43.040000915527344,45.279998779296875,42.63999938964844,45.040000915527344,45.040000915527344,5306700.0
2021-06-11,45.448001861572266,45.90999984741211,44.60200119018555,44.959999084472656,44.959999084472656,4338900.0
2021-06-14,45.38999938964844,46.19499969482422,44.7400016784668,46.150001525878906,46.150001525878906,4465600.0
2021-06-15,45.88999938964844,46.09000015258789,42.970001220703125,43.16999816894531,43.16999816894531,7124200.0
2021-06-16,44.5099983215332,49.54999923706055,44.25,47.72999954223633,47.72999954223633,17478200.0
2021-06-17,49.79999923706055,52.75,48.68000030517578,52.15999984741211,52.15999984741211,24813300.0
2021-06-18,50.47999954223633,52.81999969482422,49.900001525878906,52.709999084472656,52.709999084472656,13408700.0
2021-06-21,51.70000076293945,52.150001525878906,48.619998931884766,50.150001525878906,50.150001525878906,12749300.0
2021-06-22,49.18000030517578,52.4900016784668,49.130001068115234,52.349998474121094,52.349998474121094,6810200.0
2021-06-23,52.0099983215332,56.599998474121094,51.310001373291016,55.849998474121094,55.849998474121094,10781100.0
2021-06-24,56.21200180053711,56.880001068115234,52.06999969482422,52.84000015258789,52.84000015258789,12944300.0
2021-06-25,54.130001068115234,55.56999969482422,53.369998931884766,54.380001068115234,54.380001068115234,26826100.0
2021-06-28,56.310001373291016,58.4900016784668,56.119998931884766,57.52000045776367,57.52000045776367,9911700.0
2021-06-29,57.65999984741211,59.939998626708984,56.72600173950195,56.90999984741211,56.90999984741211,6509200.0
2021-06-30,56.15999984741211,56.790000915527344,54.75,55.779998779296875,55.779998779296875,4265000.0
2021-07-01,55.709999084472656,56.630001068115234,54.36000061035156,56.209999084472656,56.209999084472656,4695600.0
2021-07-02,56.43000030517578,57.7599983215332,55.810001373291016,56.81999969482422,56.81999969482422,4045100.0
2021-07-06,56.650001525878906,58.02000045776367,55.57500076293945,56.56999969482422,56.56999969482422,4479300.0
2021-07-07,57.38999938964844,58.86000061035156,52.939998626708984,53.689998626708984,53.689998626708984,7319800.0
2021-07-08,49.9900016784668,53.02000045776367,49.27000045776367,52.70000076293945,52.70000076293945,6251300.0
2021-07-09,52.29999923706055,53.279998779296875,51.426998138427734,52.58000183105469,52.58000183105469,4455200.0
2021-07-12,53.52000045776367,54.93000030517578,52.90999984741211,54.56999969482422,54.56999969482422,4846900.0
2021-07-13,54.380001068115234,55.650001525878906,52.82099914550781,53.2599983215332,53.2599983215332,4899800.0
2021-07-14,53.5099983215332,53.66999816894531,48.650001525878906,48.70000076293945,48.70000076293945,8058200.0
2021-07-15,49.0,50.31999969482422,45.77000045776367,47.11000061035156,47.11000061035156,8999200.0
2021-07-16,47.369998931884766,47.95000076293945,45.91999816894531,46.349998474121094,46.349998474121094,5017600.0
2021-07-19,44.584999084472656,47.5,43.939998626708984,47.36000061035156,47.36000061035156,5941200.0
2021-07-20,47.89400100708008,51.0,46.5099983215332,50.5099983215332,50.5099983215332,7002600.0
2021-07-21,50.68000030517578,53.41999816894531,50.18000030517578,53.0,53.0,5206500.0
2021-07-22,52.88999938964844,53.150001525878906,51.11399841308594,52.470001220703125,52.470001220703125,3864900.0
2021-07-23,51.66999816894531,51.86000061035156,49.970001220703125,50.619998931884766,50.619998931884766,3056000.0
2021-07-26,50.15299987792969,51.70000076293945,48.58000183105469,50.09000015258789,50.09000015258789,3452100.0
2021-07-27,49.9900016784668,50.45000076293945,47.77000045776367,49.59000015258789,49.59000015258789,3412200.0
2021-07-28,50.439998626708984,53.08000183105469,48.93000030517578,52.380001068115234,52.380001068115234,3895600.0
2021-07-29,52.599998474121094,54.33100128173828,51.82500076293945,52.619998931884766,52.619998931884766,3844400.0
2021-07-30,51.91999816894531,54.61000061035156,51.2400016784668,52.970001220703125,52.970001220703125,3227800.0
2021-08-02,53.20000076293945,53.459999084472656,51.06999969482422,51.20000076293945,51.20000076293945,2973000.0
2021-08-03,52.08000183105469,54.66999816894531,52.0,53.59000015258789,53.59000015258789,4312200.0
2021-08-04,53.209999084472656,54.150001525878906,52.15999984741211,52.810001373291016,52.810001373291016,2611900.0
2021-08-05,52.54999923706055,53.560001373291016,51.82099914550781,53.45000076293945,53.45000076293945,2919200.0
2021-08-06,50.7400016784668,51.04999923706055,47.79999923706055,48.369998931884766,48.369998931884766,10974000.0
2021-08-09,48.720001220703125,51.84000015258789,48.6510009765625,51.18000030517578,51.18000030517578,5347300.0
2021-08-10,51.62699890136719,52.18000030517578,49.40999984741211,49.5,49.5,2966300.0
2021-08-11,49.63999938964844,49.7400016784668,47.33000183105469,48.970001220703125,48.970001220703125,4784200.0
2021-08-12,48.77000045776367,50.209999084472656,48.349998474121094,49.900001525878906,49.900001525878906,3013900.0
2021-08-13,49.56999969482422,49.56999969482422,46.40999984741211,46.689998626708984,46.689998626708984,4443100.0
2021-08-16,46.279998779296875,46.47999954223633,44.04999923706055,44.33000183105469,44.33000183105469,6564600.0
2021-08-17,43.529998779296875,44.380001068115234,42.349998474121094,43.58000183105469,43.58000183105469,5624100.0
2021-08-18,43.790000915527344,44.060001373291016,42.27000045776367,42.349998474121094,42.349998474121094,5083600.0
2021-08-19,41.915000915527344,42.84000015258789,40.970001220703125,41.0,41.0,4400000.0
2021-08-20,40.779998779296875,42.540000915527344,40.7400016784668,42.119998931884766,42.119998931884766,4079800.0
2021-08-23,42.823001861572266,44.88999938964844,42.5,44.59000015258789,44.59000015258789,5919500.0
2021-08-24,44.630001068115234,45.599998474121094,44.150001525878906,44.40999984741211,44.40999984741211,3429900.0
2021-08-25,44.560001373291016,45.34000015258789,43.7599983215332,44.779998779296875,44.779998779296875,2695600.0
2021-08-26,44.58000183105469,46.209999084472656,44.029998779296875,44.380001068115234,44.380001068115234,3360300.0
2021-08-27,44.029998779296875,45.47999954223633,43.869998931884766,44.380001068115234,44.380001068115234,3663600.0
2021-08-30,44.95000076293945,45.2599983215332,43.37900161743164,44.66999816894531,44.66999816894531,4122200.0
2021-08-31,44.7599983215332,45.88999938964844,43.880001068115234,44.25,44.25,4073600.0
2021-09-01,46.97999954223633,47.90999984741211,46.20000076293945,47.0,47.0,11547900.0
2021-09-02,47.56999969482422,48.527000427246094,46.52000045776367,47.38999938964844,47.38999938964844,6302900.0
2021-09-03,47.13999938964844,47.459999084472656,45.27000045776367,45.540000915527344,45.540000915527344,3803200.0
2021-09-07,45.4900016784668,46.86000061035156,45.20000076293945,45.5,45.5,4068400.0
2021-09-08,46.779998779296875,47.720001220703125,44.779998779296875,44.84000015258789,44.84000015258789,5066800.0
2021-09-09,44.57500076293945,45.380001068115234,43.59000015258789,44.61000061035156,44.61000061035156,4319700.0
2021-09-10,46.040000915527344,47.70500183105469,44.650001525878906,44.70000076293945,44.70000076293945,9114600.0
2021-09-13,45.0,46.93000030517578,42.30500030517578,45.95000076293945,45.95000076293945,9117800.0
2021-09-14,46.0,47.03099822998047,43.619998931884766,44.4900016784668,44.4900016784668,6361900.0
2021-09-15,44.189998626708984,44.5,42.540000915527344,42.83000183105469,42.83000183105469,6807100.0
2021-09-16,42.5,44.04999923706055,42.04999923706055,43.7599983215332,43.7599983215332,5336400.0
2021-09-17,43.66999816894531,45.154998779296875,43.400001525878906,44.90999984741211,44.90999984741211,14183500.0
2021-09-20,43.13999938964844,43.709999084472656,41.77000045776367,42.81999969482422,42.81999969482422,6551000.0
2021-09-21,43.18000030517578,43.650001525878906,42.349998474121094,43.189998626708984,43.189998626708984,4332600.0
2021-09-22,43.08000183105469,44.970001220703125,42.060001373291016,44.68000030517578,44.68000030517578,4483600.0
2021-09-23,45.33000183105469,45.45000076293945,43.84299850463867,44.560001373291016,44.560001373291016,3939300.0
2021-09-24,44.20000076293945,45.099998474121094,42.93000030517578,43.02000045776367,43.02000045776367,4589700.0
2021-09-27,42.810001373291016,45.630001068115234,41.209999084472656,45.029998779296875,45.029998779296875,6516600.0
2021-09-28,44.26300048828125,45.0,42.900001525878906,42.95000076293945,42.95000076293945,4309700.0
2021-09-29,43.16999816894531,43.349998474121094,41.4900016784668,41.61000061035156,41.61000061035156,3926500.0
2021-09-30,41.56999969482422,44.58000183105469,41.529998779296875,44.0,44.0,7169400.0
2021-10-01,44.849998474121094,45.529998779296875,44.040000915527344,44.54999923706055,44.54999923706055,5686200.0
2021-10-04,43.70000076293945,43.77000045776367,40.66999816894531,40.9900016784668,40.9900016784668,6248100.0
2021-10-05,41.11000061035156,41.630001068115234,40.27000045776367,41.0099983215332,41.0099983215332,4776500.0
2021-10-06,40.29999923706055,41.560001373291016,39.939998626708984,40.900001525878906,40.900001525878906,5270800.0
2021-10-07,41.27000045776367,44.4900016784668,41.040000915527344,44.0099983215332,44.0099983215332,6305900.0
2021-10-08,43.970001220703125,44.56999969482422,42.79999923706055,43.220001220703125,43.220001220703125,2530800.0
2021-10-11,43.68000030517578,46.880001068115234,43.68000030517578,45.060001373291016,45.060001373291016,7317100.0
2021-10-12,45.16999816894531,49.25,45.16999816894531,48.88999938964844,48.88999938964844,9999300.0
2021-10-13,49.540000915527344,51.41999816894531,48.380001068115234,49.65999984741211,49.65999984741211,6791000.0
2021-10-14,50.07500076293945,51.25,48.45000076293945,49.40999984741211,49.40999984741211,4671300.0
2021-10-15,49.970001220703125,50.60499954223633,48.52000045776367,48.63999938964844,48.63999938964844,7266000.0
2021-10-18,47.970001220703125,49.13999938964844,47.803001403808594,48.619998931884766,48.619998931884766,3752800.0
2021-10-19,49.12799835205078,52.84000015258789,48.84000015258789,51.619998931884766,51.619998931884766,7826800.0
2021-10-20,51.790000915527344,52.255001068115234,50.68000030517578,51.720001220703125,51.720001220703125,3905100.0
2021-10-21,51.7599983215332,53.685001373291016,51.39500045776367,52.959999084472656,52.959999084472656,4465900.0
2021-10-22,52.65999984741211,52.900001525878906,50.790000915527344,51.689998626708984,51.689998626708984,3572400.0
2021-10-25,52.08000183105469,54.599998474121094,51.75,54.22999954223633,54.22999954223633,3337800.0
2021-10-26,55.09000015258789,55.2599983215332,52.58000183105469,52.58000183105469,52.58000183105469,3524000.0
2021-10-27,55.20000076293945,57.4900016784668,53.59000015258789,54.20000076293945,54.20000076293945,8173500.0
2021-10-28,54.20000076293945,56.5,52.91999816894531,56.02000045776367,56.02000045776367,6105200.0
2021-10-29,56.130001068115234,58.36899948120117,55.97999954223633,57.68000030517578,57.68000030517578,5267500.0
2021-11-01,58.59000015258789,59.849998474121094,57.345001220703125,57.59000015258789,57.59000015258789,5143434.0
